21-03-2022,1,Drama
21-03-2022,2,Drama
23-03-2022,2,Drama
23-03-2022,3,Drama
28-03-2022,1,Drama
28-03-2022,2,Drama
30-03-2022,1,Drama
30-03-2022,2,Drama
30-03-2022,3,Drama
04-01-2022,6,Drama
04-01-2022,7,Drama
04-04-2022,1,Drama
04-04-2022,2,Drama
06-04-2022,2,Drama
06-04-2022,3,Drama
07-04-2022,4,Drama
08-04-2022,1,Drama
08-04-2022,2,Drama
11-04-2022,1,Drama
11-04-2022,2,Drama
12-04-2022,1,Drama
12-04-2022,6,Drama
12-04-2022,7,Drama
13-04-2022,1,Drama
13-04-2022,2,Drama
13-04-2022,3,Drama
13-04-2022,4,Drama
20-04-2022,1,Drama
20-04-2022,2,Drama
20-04-2022,3,Drama
21-04-2022,4,Drama
25-04-2022,CTD,ProductionWeek
26-04-2022,CTD,ProductionWeek
27-04-2022,CTD,ProductionWeek
28-04-2022,CTD,ProductionWeekShow
29-04-2022,CTD,ProductionWeekShow
25-04-2022,1,"hey if ur looking this far ahead.. i haven't quite figured it out yet. i will when the time comes so chill out"